decade_start,decade_label,wheel,n_draws,n_balls,chi2_uniform,entropy_bits,max_entropy_bits,entropy_ratio
1870,1870s,BARI,296,1480,84.0541,6.450292,6.491853,0.993598
1870,1870s,FIRENZE,469,2345,64.3518,6.471817,6.491853,0.996914
1870,1870s,MILANO,469,2345,82.6972,6.465303,6.491853,0.99591
1870,1870s,NAPOLI,469,2345,92.2921,6.463209,6.491853,0.995588
1870,1870s,PALERMO,469,2345,94.1343,6.462414,6.491853,0.995465
1870,1870s,ROMA,469,2345,62.8166,6.472238,6.491853,0.996978
1870,1870s,TORINO,469,2345,83.5416,6.466169,6.491853,0.996044
1870,1870s,VENEZIA,469,2345,86.1514,6.464977,6.491853,0.99586
1880,1880s,BARI,522,2610,80.5517,6.469647,6.491853,0.996579
1880,1880s,FIRENZE,522,2610,80.2759,6.468909,6.491853,0.996466
1880,1880s,MILANO,522,2610,83.7931,6.468206,6.491853,0.996357
1880,1880s,NAPOLI,522,2610,76.8276,6.470278,6.491853,0.996677
1880,1880s,PALERMO,522,2610,103.5172,6.46359,6.491853,0.995646
1880,1880s,ROMA,522,2610,100.6207,6.463757,6.491853,0.995672
1880,1880s,TORINO,522,2610,79.3103,6.469725,6.491853,0.996591
1880,1880s,VENEZIA,522,2610,96.069,6.464626,6.491853,0.995806
1890,1890s,BARI,522,2610,77.3103,6.470305,6.491853,0.996681
1890,1890s,FIRENZE,522,2610,80.0,6.469548,6.491853,0.996564
1890,1890s,MILANO,522,2610,60.4138,6.475443,6.491853,0.997472
1890,1890s,NAPOLI,522,2610,87.5862,6.467259,6.491853,0.996212
1890,1890s,PALERMO,522,2610,94.8966,6.465615,6.491853,0.995958
1890,1890s,ROMA,522,2610,81.6552,6.469001,6.491853,0.99648
1890,1890s,TORINO,522,2610,85.3793,6.468087,6.491853,0.996339
1890,1890s,VENEZIA,522,2610,95.1034,6.465213,6.491853,0.995896
1900,1900s,BARI,522,2610,103.3793,6.462999,6.491853,0.995555
1900,1900s,FIRENZE,522,2610,66.1379,6.473601,6.491853,0.997188
1900,1900s,MILANO,522,2610,101.931,6.465008,6.491853,0.995865
1900,1900s,NAPOLI,522,2610,77.4483,6.470655,6.491853,0.996735
1900,1900s,PALERMO,522,2610,86.8966,6.467616,6.491853,0.996266
1900,1900s,ROMA,522,2610,75.1034,6.47094,6.491853,0.996779
1900,1900s,TORINO,522,2610,69.6552,6.472816,6.491853,0.997068
1900,1900s,VENEZIA,522,2610,73.6552,6.471667,6.491853,0.996891
1910,1910s,BARI,521,2605,72.9232,6.471262,6.491853,0.996828
1910,1910s,FIRENZE,521,2605,96.8311,6.464549,6.491853,0.995794
1910,1910s,MILANO,521,2605,93.7908,6.465187,6.491853,0.995892
1910,1910s,NAPOLI,521,2605,74.7889,6.471058,6.491853,0.996797
1910,1910s,PALERMO,521,2605,81.6296,6.468771,6.491853,0.996444
1910,1910s,ROMA,521,2605,79.3493,6.470034,6.491853,0.996639
1910,1910s,TORINO,521,2605,76.7236,6.469982,6.491853,0.996631
1910,1910s,VENEZIA,521,2605,72.7159,6.471579,6.491853,0.996877
1920,1920s,BARI,522,2610,104.5517,6.462567,6.491853,0.995489
1920,1920s,FIRENZE,522,2610,64.6897,6.473825,6.491853,0.997223
1920,1920s,MILANO,522,2610,68.069,6.47278,6.491853,0.997062
1920,1920s,NAPOLI,522,2610,68.9655,6.472438,6.491853,0.997009
1920,1920s,PALERMO,522,2610,102.2069,6.463214,6.491853,0.995588
1920,1920s,ROMA,522,2610,81.7241,6.46922,6.491853,0.996514
1920,1920s,TORINO,522,2610,86.4138,6.468388,6.491853,0.996385
1920,1920s,VENEZIA,522,2610,63.2414,6.474325,6.491853,0.9973
1930,1930s,BARI,522,2610,63.8621,6.473978,6.491853,0.997247
1930,1930s,CAGLIARI,26,130,63.8462,6.064149,6.491853,0.934117
1930,1930s,FIRENZE,522,2610,75.7931,6.470319,6.491853,0.996683
1930,1930s,GENOVA,26,130,90.1538,5.90296,6.491853,0.909287
1930,1930s,MILANO,522,2610,108.0,6.462264,6.491853,0.995442
1930,1930s,NAPOLI,522,2610,91.7241,6.466111,6.491853,0.996035
1930,1930s,PALERMO,522,2610,96.2069,6.464621,6.491853,0.995805
1930,1930s,ROMA,522,2610,79.7931,6.468906,6.491853,0.996465
1930,1930s,TORINO,522,2610,71.7931,6.472539,6.491853,0.997025
1930,1930s,VENEZIA,522,2610,89.931,6.466489,6.491853,0.996093
1940,1940s,BARI,522,2610,85.0345,6.468238,6.491853,0.996362
1940,1940s,CAGLIARI,448,2240,85.2946,6.464703,6.491853,0.995818
1940,1940s,FIRENZE,515,2575,88.8951,6.466658,6.491853,0.996119
1940,1940s,GENOVA,520,2600,116.8923,6.458654,6.491853,0.994886
1940,1940s,MILANO,521,2605,70.7812,6.472132,6.491853,0.996962
1940,1940s,NAPOLI,517,2585,82.2379,6.468543,6.491853,0.996409
1940,1940s,PALERMO,497,2485,69.0805,6.472159,6.491853,0.996966
1940,1940s,ROMA,521,2605,83.9098,6.46858,6.491853,0.996415
1940,1940s,TORINO,521,2605,83.7716,6.468039,6.491853,0.996332
1940,1940s,VENEZIA,520,2600,94.4615,6.465509,6.491853,0.995942
1950,1950s,BARI,521,2605,80.1785,6.469442,6.491853,0.996548
1950,1950s,CAGLIARI,521,2605,59.2418,6.47548,6.491853,0.997478
1950,1950s,FIRENZE,521,2605,72.9232,6.471614,6.491853,0.996882
1950,1950s,GENOVA,521,2605,76.6545,6.470651,6.491853,0.996734
1950,1950s,MILANO,521,2605,79.0038,6.470209,6.491853,0.996666
1950,1950s,NAPOLI,521,2605,66.7044,6.47349,6.491853,0.997171
1950,1950s,PALERMO,521,2605,73.8215,6.471269,6.491853,0.996829
1950,1950s,ROMA,521,2605,88.6775,6.467281,6.491853,0.996215
1950,1950s,TORINO,521,2605,78.3129,6.470631,6.491853,0.996731
1950,1950s,VENEZIA,521,2605,58.8273,6.475646,6.491853,0.997503
1960,1960s,BARI,521,2605,73.476,6.471625,6.491853,0.996884
1960,1960s,CAGLIARI,521,2605,93.3762,6.466102,6.491853,0.996033
1960,1960s,FIRENZE,521,2605,77.2764,6.470268,6.491853,0.996675
1960,1960s,GENOVA,521,2605,87.6411,6.467597,6.491853,0.996264
1960,1960s,MILANO,521,2605,76.6545,6.47065,6.491853,0.996734
1960,1960s,NAPOLI,521,2605,65.2534,6.47318,6.491853,0.997124
1960,1960s,PALERMO,521,2605,75.6871,6.471174,6.491853,0.996815
1960,1960s,ROMA,521,2605,91.9942,6.465849,6.491853,0.995994
1960,1960s,TORINO,521,2605,105.8829,6.462047,6.491853,0.995409
1960,1960s,VENEZIA,521,2605,66.428,6.473256,6.491853,0.997135
1970,1970s,BARI,522,2610,111.0345,6.460899,6.491853,0.995232
1970,1970s,CAGLIARI,522,2610,96.069,6.465097,6.491853,0.995878
1970,1970s,FIRENZE,522,2610,72.4828,6.471512,6.491853,0.996867
1970,1970s,GENOVA,522,2610,82.4138,6.469123,6.491853,0.996499
1970,1970s,MILANO,522,2610,86.6897,6.468068,6.491853,0.996336
1970,1970s,NAPOLI,522,2610,83.5172,6.468193,6.491853,0.996355
1970,1970s,PALERMO,522,2610,70.6897,6.472373,6.491853,0.996999
1970,1970s,ROMA,522,2610,95.3103,6.465066,6.491853,0.995874
1970,1970s,TORINO,522,2610,96.6207,6.464961,6.491853,0.995858
1970,1970s,VENEZIA,522,2610,106.0,6.461822,6.491853,0.995374
1980,1980s,BARI,522,2610,77.4483,6.470106,6.491853,0.99665
1980,1980s,CAGLIARI,522,2610,140.4828,6.452901,6.491853,0.994
1980,1980s,FIRENZE,522,2610,84.1379,6.468301,6.491853,0.996372
1980,1980s,GENOVA,522,2610,94.2069,6.465569,6.491853,0.995951
1980,1980s,MILANO,522,2610,88.6897,6.466964,6.491853,0.996166
1980,1980s,NAPOLI,522,2610,57.7241,6.475568,6.491853,0.997491
1980,1980s,PALERMO,522,2610,74.1379,6.47104,6.491853,0.996794
1980,1980s,ROMA,522,2610,105.4483,6.462322,6.491853,0.995451
1980,1980s,TORINO,522,2610,94.3448,6.465615,6.491853,0.995958
1980,1980s,VENEZIA,522,2610,89.0345,6.467156,6.491853,0.996196
1990,1990s,BARI,668,3340,66.4192,6.477254,6.491853,0.997751
1990,1990s,CAGLIARI,668,3340,98.2695,6.470345,6.491853,0.996687
1990,1990s,FIRENZE,668,3340,91.0479,6.471584,6.491853,0.996878
1990,1990s,GENOVA,668,3340,94.9281,6.471316,6.491853,0.996837
1990,1990s,MILANO,668,3340,106.2994,6.469085,6.491853,0.996493
1990,1990s,NAPOLI,668,3340,76.3353,6.475217,6.491853,0.997437
1990,1990s,PALERMO,668,3340,87.5449,6.473336,6.491853,0.997148
1990,1990s,ROMA,668,3340,82.3174,6.474493,6.491853,0.997326
1990,1990s,TORINO,668,3340,98.485,6.470082,6.491853,0.996646
1990,1990s,VENEZIA,668,3340,81.6168,6.474048,6.491853,0.997257
2000,2000s,BARI,1287,6435,86.972,6.482085,6.491853,0.998495
2000,2000s,CAGLIARI,1287,6435,93.3217,6.481265,6.491853,0.998369
2000,2000s,FIRENZE,1287,6435,86.3007,6.481934,6.491853,0.998472
2000,2000s,GENOVA,1287,6435,95.7552,6.481131,6.491853,0.998348
2000,2000s,MILANO,1287,6435,96.9301,6.481151,6.491853,0.998351
2000,2000s,NAPOLI,1287,6435,100.5944,6.48075,6.491853,0.99829
2000,2000s,NAZIONALE,724,3620,90.4862,6.474224,6.491853,0.997284
2000,2000s,PALERMO,1287,6435,76.9301,6.483157,6.491853,0.99866
2000,2000s,ROMA,1287,6435,95.6434,6.481104,6.491853,0.998344
2000,2000s,TORINO,1287,6435,87.8112,6.482036,6.491853,0.998488
2000,2000s,VENEZIA,1287,6435,72.8182,6.483805,6.491853,0.99876
2010,2010s,BARI,1565,7825,95.0115,6.483067,6.491853,0.998647
2010,2010s,CAGLIARI,1565,7825,68.5578,6.485562,6.491853,0.999031
2010,2010s,FIRENZE,1565,7825,94.5284,6.483022,6.491853,0.99864
2010,2010s,GENOVA,1565,7825,89.9738,6.483318,6.491853,0.998685
2010,2010s,MILANO,1565,7825,60.9668,6.48623,6.491853,0.999134
2010,2010s,NAPOLI,1565,7825,76.747,6.484691,6.491853,0.998897
2010,2010s,NAZIONALE,1565,7825,88.8927,6.483561,6.491853,0.998723
2010,2010s,PALERMO,1565,7825,96.2307,6.483016,6.491853,0.998639
2010,2010s,ROMA,1565,7825,73.3885,6.484962,6.491853,0.998938
2010,2010s,TORINO,1565,7825,85.2121,6.483973,6.491853,0.998786
2010,2010s,VENEZIA,1565,7825,78.2422,6.484644,6.491853,0.99889
2020,2020s,BARI,1095,5475,91.1096,6.479807,6.491853,0.998144
2020,2020s,CAGLIARI,1095,5475,91.9644,6.479605,6.491853,0.998113
2020,2020s,FIRENZE,1095,5475,93.411,6.479418,6.491853,0.998085
2020,2020s,GENOVA,1095,5475,77.8603,6.481573,6.491853,0.998416
2020,2020s,MILANO,1095,5475,95.3507,6.479224,6.491853,0.998055
2020,2020s,NAPOLI,1095,5475,78.1562,6.481367,6.491853,0.998385
2020,2020s,NAZIONALE,1095,5475,90.3863,6.479907,6.491853,0.99816
2020,2020s,PALERMO,1095,5475,93.674,6.479418,6.491853,0.998085
2020,2020s,ROMA,1095,5475,62.6055,6.483668,6.491853,0.998739
2020,2020s,TORINO,1095,5475,75.6247,6.481778,6.491853,0.998448
2020,2020s,VENEZIA,1095,5475,87.8219,6.480234,6.491853,0.99821
